Machine_ID,Temperature,Run_Time,Downtime_Flag
M_13,76.62,19.4,0
M_26,100.06,7.01,0
M_8,73.9,9.59,1
M_45,88.71,16.34,0
M_15,62.4,4.96,1
M_26,56.18,22.19,1
M_24,98.64,1.35,1
M_4,62.73,5.69,1
M_49,62.44,8.41,1
M_20,99.83,21.29,0
M_25,115.98,10.11,0
M_49,54.5,1.09,0
M_10,103.33,15.51,1
M_31,66.35,8.72,1
M_48,54.66,23.81,1
M_25,71.78,16.56,1
M_5,118.52,2.86,0
M_16,111.81,5.22,1
M_23,112.75,18.82,0
M_35,94.36,16.92,0
M_37,69.31,1.31,0
M_48,73.85,8.58,1
M_31,62.93,14.2,0
M_25,89.91,11.89,0
M_41,52.63,9.04,1
M_36,60.87,11.4,1
M_35,116.29,10.65,1
M_30,119.02,2.88,0
M_18,77.2,15.55,1
M_15,61.75,14.5,1
M_36,116.1,5.67,1
M_26,118.94,6.44,1
M_1,99.32,15.65,0
M_26,85.2,3.72,0
M_36,77.8,1.75,0
M_47,110.3,10.74,1
M_35,87.28,11.6,0
M_48,80.48,16.8,1
M_26,93.98,12.16,0
M_35,110.18,9.25,0
M_47,64.25,13.99,0
M_46,68.56,3.85,1
M_38,85.94,20.27,0
M_16,67.83,2.05,1
M_20,90.53,11.85,1
M_19,61.63,7.18,1
M_34,60.08,13.55,0
M_24,77.73,2.43,1
M_19,59.78,7.63,0
M_13,101.06,9.18,0
M_50,106.97,12.75,0
M_31,96.88,21.42,0
M_16,106.47,1.68,0
M_21,68.95,18.32,1
M_22,65.85,13.11,0
M_41,79.49,13.05,0
M_6,72.87,5.19,1
M_33,99.81,22.65,0
M_38,87.76,10.36,0
M_43,80.28,22.95,0
M_49,103.74,8.67,0
M_3,61.09,17.32,0
M_50,110.64,9.13,0
M_36,104.41,5.12,1
M_44,58.4,7.96,1
M_28,80.79,16.92,0
M_11,99.32,23.88,0
M_39,108.07,2.82,0
M_20,51.29,22.42,1
M_8,99.61,19.24,0
M_36,112.15,11.76,0
M_3,86.11,9.73,0
M_1,56.83,3.11,1
M_15,84.31,13.87,1
M_20,111.24,18.31,1
M_42,78.93,6.69,1
M_16,85.93,23.38,0
M_2,77.09,8.91,1
M_21,78.36,19.64,1
M_14,83.71,2.35,0
M_18,119.39,3.39,1
M_30,63.15,8.47,1
M_6,62.65,11.06,1
M_12,107.15,19.52,0
M_48,110.28,7.15,1
M_18,95.19,17.06,1
M_15,53.33,11.86,1
M_13,88.35,3.68,0
M_10,53.17,19.23,1
M_34,106.68,16.04,1
M_2,65.68,23.1,1
M_15,115.22,9.1,1
M_42,50.81,16.24,1
M_34,68.18,22.73,1
M_6,78.09,15.54,1
M_24,90.06,19.68,1
M_36,102.42,8.56,0
M_41,86.07,11.01,1
M_13,90.07,9.27,1
M_37,59.01,19.0,0
M_16,72.63,10.27,0
M_33,107.9,18.28,0
M_34,61.36,3.53,1
M_41,97.31,15.05,1
M_11,114.23,17.11,0
M_38,75.79,9.56,0
M_28,53.91,4.45,1
M_28,88.18,20.68,0
M_10,108.4,5.26,0
M_7,59.92,2.05,0
M_5,79.59,22.77,0
M_10,88.21,1.45,0
M_50,86.99,12.32,1
M_45,64.98,16.88,0
M_24,82.55,5.42,1
M_49,74.43,23.71,1
M_1,85.53,12.93,0
M_14,92.02,5.75,0
M_6,119.11,8.13,1
M_31,91.39,7.51,0
M_44,92.67,1.27,0
M_10,52.85,21.1,0
M_41,83.19,17.76,0
M_27,119.26,6.6,1
M_46,119.39,18.02,1
M_33,83.34,9.54,1
M_18,106.64,12.46,1
M_16,88.2,1.46,0
M_14,119.78,10.83,1
M_26,94.89,16.13,0
M_34,110.69,11.29,1
M_43,94.2,6.64,1
M_16,76.08,18.9,1
M_8,87.28,20.18,0
M_42,58.84,13.36,1
M_31,72.74,18.6,0
M_12,97.67,15.2,0
M_16,50.19,16.33,1
M_44,75.36,18.26,0
M_11,92.63,11.06,0
M_46,72.93,6.32,0
M_45,73.02,13.45,1
M_35,60.3,14.61,1
M_27,59.38,15.66,0
M_23,109.33,1.44,1
M_30,97.84,17.93,1
M_44,111.69,3.27,0
M_32,100.81,6.01,1
M_34,85.45,8.65,0
M_44,94.55,11.05,0
M_19,52.69,16.73,0
M_25,102.37,11.59,0
M_19,58.89,1.1,1
M_29,102.21,5.61,1
M_25,112.71,15.1,1
M_33,53.01,22.98,1
M_22,99.86,5.58,0
M_47,73.65,12.58,1
M_32,104.79,16.03,0
M_39,60.89,9.88,0
M_13,89.06,9.98,0
M_32,82.96,16.39,1
M_45,83.49,13.08,1
M_13,83.73,3.77,0
M_34,76.23,23.25,1
M_3,109.77,19.35,0
M_39,52.07,15.35,0
M_37,84.37,15.59,1
M_43,96.06,11.66,1
M_6,56.73,20.17,1
M_43,71.3,8.99,1
M_45,83.85,4.86,0
M_36,111.67,16.61,1
M_29,103.57,10.41,0
M_46,66.93,1.64,1
M_7,80.52,7.85,1
M_28,66.79,9.5,0
M_8,103.31,13.92,1
M_23,50.09,7.73,0
M_44,97.4,19.43,0
M_23,94.84,19.32,0
M_18,95.63,17.48,0
M_19,108.38,1.6,0
M_26,64.85,6.4,1
M_13,86.65,13.63,0
M_14,62.08,1.25,0
M_15,118.43,1.23,0
M_47,79.92,8.15,1
M_23,101.8,7.16,0
M_12,72.02,4.57,0
M_2,107.5,15.25,1
M_5,82.13,7.88,0
M_28,110.08,13.35,1
M_1,114.6,2.87,0
M_19,61.21,21.09,0
M_23,83.97,9.9,1
M_6,102.55,7.83,1
M_29,107.76,22.25,1
M_12,64.97,19.41,1
M_24,62.41,15.78,0
M_12,72.72,22.05,1
M_21,87.96,4.63,0
M_27,103.33,16.39,1
M_50,51.28,21.09,1
M_40,61.67,11.45,0
M_7,64.94,14.97,0
M_48,90.49,17.09,0
M_48,117.73,22.37,0
M_33,100.32,14.61,0
M_40,90.66,11.49,1
M_15,92.18,7.91,1
M_26,116.64,18.68,0
M_15,51.13,22.67,1
M_45,90.71,19.88,0
M_9,55.75,19.92,0
M_9,117.88,23.07,0
M_7,77.88,3.68,0
M_8,55.6,9.79,0
M_7,73.09,9.81,1
M_12,99.99,20.66,0
M_26,81.38,4.78,0
M_14,89.69,13.72,1
M_6,116.65,8.82,1
M_31,107.65,7.87,0
M_30,81.75,16.33,0
M_7,91.1,12.36,1
M_39,81.79,21.17,0
M_36,58.08,18.56,1
M_12,59.64,23.68,0
M_35,108.56,3.72,1
M_38,98.69,2.62,1
M_7,69.72,7.02,1
M_14,65.21,1.51,0
M_8,53.77,14.54,0
M_45,116.63,7.64,1
M_30,91.13,20.41,1
M_47,110.48,21.45,1
M_2,88.33,23.27,0
M_31,60.1,8.0,0
M_13,69.0,16.51,0
M_21,54.91,20.82,1
M_13,96.3,10.43,0
M_46,89.82,4.31,0
M_10,118.33,12.52,0
M_29,117.84,18.99,0
M_32,102.66,20.46,1
M_41,60.79,22.63,1
M_5,116.65,1.79,1
M_11,109.26,20.7,1
M_41,66.83,23.32,1
M_33,51.03,18.24,0
M_22,92.24,11.34,0
M_35,96.51,12.74,0
M_46,116.73,19.27,0
M_34,57.25,1.05,1
M_40,104.23,12.48,1
M_47,69.28,22.72,1
M_20,67.31,22.0,1
M_30,78.09,15.61,1
M_30,69.43,6.18,0
M_31,109.22,17.86,1
M_50,68.95,23.23,1
M_9,95.31,22.57,1
M_49,68.47,1.36,0
M_11,103.96,20.4,0
M_20,65.06,10.3,0
M_9,81.9,10.38,1
M_26,57.12,13.12,0
M_40,57.36,20.18,0
M_26,76.53,21.71,0
M_46,103.16,16.27,1
M_9,62.4,11.81,0
M_37,115.34,3.49,1
M_40,50.04,1.82,1
M_48,64.32,2.25,0
M_28,77.32,5.64,0
M_8,100.68,23.78,0
M_1,55.9,18.05,1
M_38,94.97,15.73,1
M_14,57.17,11.5,1
M_35,63.28,18.23,1
M_25,103.89,13.97,0
M_19,103.47,4.11,0
M_18,117.04,12.41,0
M_31,89.13,21.87,0
M_14,51.57,4.14,1
M_15,61.09,17.12,0
M_50,69.62,17.33,1
M_17,81.09,21.37,1
M_26,72.76,15.32,0
M_22,99.7,11.87,0
M_11,95.49,21.57,0
M_46,101.09,4.82,1
M_9,50.39,10.53,0
M_39,93.24,10.48,1
M_50,112.73,2.92,1
M_27,113.03,12.2,1
M_42,64.07,10.79,0
M_22,72.35,20.6,0
M_7,82.25,10.61,1
M_17,59.47,22.59,1
M_11,99.75,5.51,1
M_12,109.71,23.38,1
M_26,54.59,22.82,1
M_22,102.84,11.17,0
M_18,83.2,1.72,0
M_9,63.45,17.05,0
M_35,118.38,5.96,1
M_19,90.96,6.26,1
M_17,109.5,11.25,0
M_8,52.11,2.13,1
M_24,55.05,21.59,1
M_41,80.58,15.37,1
M_20,63.33,6.09,1
M_6,119.22,20.7,1
M_49,98.54,2.36,1
M_39,80.91,1.36,0
M_37,57.3,20.6,1
M_44,65.72,23.75,0
M_22,113.33,8.22,0
M_16,94.73,4.15,0
M_24,118.23,1.87,0
M_42,69.78,10.14,1
M_16,109.95,2.66,0
M_3,114.35,3.05,0
M_48,82.58,6.37,0
M_19,68.18,2.78,0
M_32,52.43,14.4,0
M_12,108.82,7.1,0
M_30,106.68,4.41,1
M_39,110.91,14.74,0
M_34,98.48,21.13,0
M_7,119.87,6.17,0
M_4,109.49,11.38,0
M_48,52.99,17.51,0
M_46,116.55,11.91,0
M_49,51.24,22.04,1
M_9,81.96,8.06,0
M_49,51.73,2.13,0
M_37,95.38,8.14,0
M_43,119.98,19.03,1
M_18,60.92,2.7,0
M_39,77.12,13.34,1
M_37,103.56,13.24,1
M_47,96.16,2.05,0
M_1,68.51,12.79,0
M_48,99.67,6.49,0
M_5,117.63,3.84,1
M_19,86.77,10.61,1
M_16,80.59,9.72,1
M_4,87.51,3.63,0
M_11,116.88,9.43,1
M_36,85.89,9.96,1
M_20,116.65,20.3,1
M_15,109.69,21.62,1
M_15,98.29,21.75,1
M_36,60.82,22.98,0
M_50,61.8,16.31,1
M_21,65.54,5.88,0
M_48,108.89,3.1,0
M_47,92.78,15.54,0
M_39,79.24,6.75,1
M_50,87.4,3.94,0
M_6,63.26,10.06,1
M_22,72.15,6.16,0
M_13,50.77,18.85,1
M_29,103.72,2.09,1
M_35,93.16,12.66,0
M_50,96.7,19.51,0
M_34,91.09,17.89,0
M_3,78.7,16.06,0
M_13,66.72,6.58,0
M_48,101.47,18.74,0
M_45,91.28,6.44,1
M_38,53.75,12.6,1
M_33,111.23,20.14,0
M_20,84.46,22.02,1
M_14,60.59,19.17,0
M_32,64.54,16.52,0
M_49,63.54,8.12,1
M_20,64.45,15.27,1
M_4,69.24,5.0,1
M_8,96.19,4.33,0
M_26,79.29,3.23,1
M_48,97.99,21.61,0
M_23,99.04,19.76,0
M_6,100.69,23.74,1
M_36,80.57,13.28,1
M_30,73.1,17.82,1
M_9,93.25,8.75,1
M_31,104.87,13.62,1
M_4,73.46,3.9,0
M_9,119.66,18.12,0
M_9,113.11,9.81,0
M_16,108.56,23.33,0
M_8,51.99,14.62,0
M_31,94.03,2.85,0
M_40,116.18,1.67,0
M_18,117.47,5.76,0
M_8,76.91,19.31,0
M_22,91.26,22.93,0
M_49,71.51,21.49,1
M_20,105.32,14.92,0
M_28,114.58,5.25,0
M_19,93.64,1.04,1
M_7,66.43,18.3,0
M_15,117.19,14.94,1
M_36,90.58,14.43,0
M_32,111.92,8.48,1
M_33,85.0,17.9,0
M_28,71.63,19.2,1
M_5,82.0,22.58,1
M_32,103.99,3.71,0
M_4,113.41,7.83,0
M_21,56.68,21.76,0
M_41,83.21,17.21,1
M_35,92.92,12.33,1
M_21,113.39,14.68,0
M_1,100.65,2.13,0
M_11,89.6,11.89,0
M_48,92.65,3.23,0
M_15,97.74,14.56,0
M_40,90.77,1.55,1
M_19,62.71,14.21,1
M_44,95.3,13.62,0
M_6,112.87,22.25,1
M_30,59.87,14.67,1
M_30,78.89,4.18,0
M_32,89.09,12.44,0
M_22,88.23,9.5,1
M_40,66.69,10.17,0
M_19,88.7,3.08,1
M_24,113.72,22.39,0
M_4,89.74,11.5,0
M_12,98.86,14.88,0
M_36,83.85,3.3,0
M_38,104.28,22.78,0
M_27,116.27,15.01,0
M_34,104.14,16.29,1
M_18,73.98,2.09,0
M_11,85.18,5.44,1
M_29,116.79,4.42,0
M_37,50.87,16.6,1
M_10,58.86,18.64,1
M_19,99.64,15.61,0
M_9,113.01,2.38,1
M_15,115.58,2.68,0
M_2,115.87,15.13,1
M_8,71.87,6.28,1
M_24,117.76,23.44,0
M_27,74.97,11.22,1
M_43,101.9,18.69,0
M_30,108.34,8.01,0
M_20,115.71,13.14,1
M_15,109.24,2.45,0
M_2,89.95,2.27,0
M_7,107.16,21.96,0
M_12,105.34,19.78,0
M_34,66.99,7.31,0
M_15,74.36,19.01,0
M_27,72.1,23.25,1
M_8,74.05,5.88,1
M_37,58.09,11.79,0
M_1,63.67,5.82,1
M_48,67.52,5.69,0
M_43,88.64,2.33,1
M_15,113.46,15.08,1
M_17,53.65,12.65,0
M_10,53.97,1.73,1
M_43,104.55,6.22,0
M_2,111.61,6.22,1
M_10,71.79,21.29,0
M_6,118.98,6.59,0
M_32,70.16,11.07,1
M_30,114.29,17.12,0
M_3,64.78,20.45,0
M_34,106.9,3.03,1
M_1,82.21,14.65,1
M_12,74.45,12.52,0
M_31,115.16,21.89,1
M_40,70.68,13.17,0
M_7,75.0,20.3,0
M_28,56.26,10.38,0
M_19,116.36,8.36,0
M_40,102.7,8.91,0
M_27,56.52,16.2,1
M_33,110.92,17.34,1
M_13,57.38,7.53,0
M_49,79.83,15.57,1
M_35,74.0,15.07,1
M_43,109.69,3.5,0
M_9,115.53,7.24,1
M_8,113.43,22.79,1
M_40,58.77,18.81,1
M_34,65.06,8.49,1
M_50,56.02,15.97,0
M_30,109.95,17.8,0
M_2,90.92,21.99,1
M_50,115.83,7.95,0
M_6,81.97,13.61,0
M_34,72.05,23.59,1
M_9,68.91,19.92,0
M_2,91.14,23.58,1
M_15,113.55,14.47,1
M_32,97.49,12.6,1
M_31,109.69,12.54,1
M_11,96.48,3.46,0
M_40,108.98,14.21,1
M_47,104.4,20.71,1
M_46,69.9,4.67,1
M_15,101.38,23.93,1
M_34,112.33,4.52,0
M_15,103.95,4.5,0
M_5,50.01,15.19,1
M_3,57.27,13.37,1
M_50,73.08,7.71,0
M_11,95.7,3.11,0
M_9,60.17,15.3,0
M_29,52.25,22.01,0
M_16,85.75,18.65,0
M_24,76.05,14.39,1
M_11,94.72,11.39,0
M_11,63.2,15.49,1
M_14,75.67,2.23,0
M_30,112.44,8.84,1
M_36,67.86,22.86,1
M_16,85.31,23.99,1
M_22,79.16,20.47,1
M_17,56.39,23.72,0
M_23,54.91,7.22,1
M_1,112.08,18.74,1
M_12,71.03,17.69,1
M_4,51.62,14.95,0
M_2,93.97,2.2,0
M_29,96.96,8.82,0
M_23,117.31,7.72,1
M_1,56.32,14.74,1
M_20,62.76,16.63,1
M_48,83.45,21.14,1
M_25,106.69,1.05,0
M_2,81.99,2.1,1
M_50,111.75,16.97,0
M_38,110.27,15.26,0
M_46,114.51,8.57,1
M_43,78.68,17.0,0
M_43,111.61,3.45,0
M_11,68.33,15.84,1
M_50,104.4,5.25,0
M_32,105.76,5.66,1
M_40,89.89,5.81,0
M_19,80.66,23.53,0
M_15,113.73,22.85,0
M_12,105.19,18.23,0
M_32,85.69,15.84,1
M_11,87.05,5.47,1
M_16,84.59,2.84,1
M_1,114.92,20.05,1
M_44,80.85,13.92,1
M_41,96.82,23.55,1
M_23,99.5,17.06,1
M_19,80.38,11.02,0
M_43,54.41,18.92,0
M_32,66.46,6.31,1
M_4,118.91,5.0,1
M_47,74.27,20.81,0
M_50,53.77,5.07,1
M_9,51.99,18.27,0
M_47,66.96,17.1,0
M_27,116.26,18.21,0
M_8,59.21,5.37,1
M_27,64.44,4.95,0
M_47,82.08,2.21,1
M_46,112.14,6.82,0
M_21,104.18,22.54,0
M_4,70.39,13.14,0
M_37,80.97,1.66,1
M_18,86.35,10.96,1
M_38,107.93,18.79,0
M_28,73.45,13.69,1
M_11,63.4,6.08,1
M_25,77.7,6.68,0
M_39,78.54,14.81,0
M_3,56.0,21.05,1
M_46,99.91,13.06,1
M_27,64.98,7.27,0
M_5,61.56,20.46,1
M_42,117.71,12.9,1
M_45,62.48,12.06,1
M_47,118.54,3.98,0
M_10,51.14,15.08,0
M_6,119.48,4.11,0
M_31,76.38,16.37,0
M_3,104.22,22.55,0
M_43,64.54,22.85,1
M_15,100.98,23.24,0
M_6,71.15,14.86,0
M_20,98.13,7.7,1
M_16,63.96,11.48,0
M_8,85.47,1.59,1
M_4,102.68,13.0,1
M_48,69.79,5.0,1
M_36,81.78,18.22,0
M_43,90.65,14.2,1
M_36,55.14,6.59,0
M_9,65.22,10.8,1
M_15,78.52,17.23,1
M_39,104.98,16.85,0
M_47,91.58,13.95,0
M_34,76.14,5.82,0
M_39,67.26,11.95,1
M_10,86.46,11.63,0
M_6,50.92,14.28,1
M_27,111.79,9.86,1
M_23,61.36,16.96,0
M_18,77.41,7.66,1
M_40,113.85,21.54,0
M_20,70.08,5.49,0
M_23,90.47,11.03,1
M_48,98.23,20.86,0
M_17,91.26,14.42,1
M_2,90.79,3.3,0
M_47,92.71,19.4,1
M_39,56.13,18.2,1
M_10,116.3,11.48,0
M_27,117.8,16.69,1
M_30,54.46,15.65,0
M_4,98.52,22.07,0
M_42,98.95,10.63,0
M_10,56.56,14.77,0
M_25,111.3,10.49,0
M_26,83.03,15.53,1
M_39,70.42,13.13,0
M_10,119.0,16.3,0
M_39,88.46,3.74,0
M_41,59.59,13.36,1
M_24,90.79,8.02,0
M_28,64.92,21.38,1
M_33,50.08,15.69,0
M_9,104.18,13.43,0
M_31,58.93,6.59,1
M_29,101.63,4.0,1
M_1,90.8,10.46,1
M_39,74.12,7.31,0
M_17,85.94,4.17,0
M_13,92.69,12.1,1
M_9,75.91,18.32,1
M_29,78.75,4.02,1
M_9,75.19,6.6,0
M_35,91.11,9.92,1
M_39,73.32,11.43,1
M_10,92.07,12.28,1
M_23,74.2,15.63,0
M_2,87.31,16.51,0
M_8,53.62,3.16,0
M_4,103.48,1.17,1
M_47,117.2,20.47,0
M_6,88.96,8.95,1
M_10,92.61,13.86,1
M_19,87.93,15.65,0
M_30,81.71,15.09,0
M_46,91.15,7.39,0
M_49,88.23,19.04,1
M_6,106.94,6.82,1
M_28,88.09,12.39,0
M_43,61.51,2.08,0
M_3,58.35,4.81,1
M_46,85.14,4.66,0
M_32,90.86,9.11,0
M_24,106.0,4.4,0
M_32,61.54,14.15,1
M_43,70.54,3.66,1
M_1,66.44,3.52,0
M_37,69.02,22.42,1
M_36,50.42,10.06,0
M_39,76.89,8.68,0
M_20,95.16,8.92,0
M_20,80.66,14.66,1
M_13,51.81,21.65,1
M_19,60.73,8.78,1
M_43,114.43,23.76,1
M_27,63.58,4.02,1
M_30,72.97,23.98,0
M_23,76.17,6.49,0
M_34,104.27,16.16,0
M_1,72.65,21.54,0
M_9,76.66,17.89,0
M_49,110.31,12.64,0
M_22,62.18,13.49,0
M_19,85.36,14.82,1
M_7,69.01,3.28,1
M_7,93.59,6.31,1
M_22,73.89,8.42,1
M_12,118.94,6.65,0
M_2,96.51,19.13,0
M_22,71.79,2.9,1
M_40,113.59,20.13,1
M_27,103.32,12.37,1
M_28,62.78,2.82,1
M_7,83.3,20.63,1
M_27,89.89,21.45,0
M_34,98.53,14.42,1
M_35,78.17,13.87,1
M_37,90.85,5.94,1
M_32,109.46,2.79,1
M_7,77.88,10.96,1
M_32,75.33,15.09,1
M_11,90.2,3.36,1
M_36,71.08,6.97,0
M_21,67.48,6.11,1
M_33,77.49,15.84,0
M_28,83.99,22.17,1
M_32,69.72,3.47,0
M_7,97.2,1.28,1
M_31,101.13,18.63,0
M_1,51.23,14.93,1
M_21,55.61,19.67,0
M_29,91.04,15.79,0
M_34,81.88,17.84,1
M_46,119.62,13.84,1
M_18,62.02,8.53,0
M_17,76.77,20.91,1
M_32,89.73,19.04,1
M_49,63.36,18.26,0
M_44,108.27,11.89,0
M_50,94.06,23.75,0
M_9,95.55,21.44,1
M_43,117.74,21.67,0
M_12,87.41,14.43,0
M_18,71.03,8.09,1
M_18,96.17,5.83,1
M_37,101.62,13.46,1
M_12,74.97,15.93,0
M_24,100.6,21.01,1
M_46,57.74,9.35,1
M_6,59.73,4.14,1
M_7,118.69,18.96,1
M_44,51.64,6.08,1
M_19,77.13,10.6,0
M_33,88.79,23.69,0
M_8,56.09,20.93,1
M_32,55.99,2.94,1
M_13,93.02,17.46,0
M_40,93.35,6.88,0
M_39,85.77,3.53,1
M_20,119.5,23.74,0
M_28,83.08,19.08,1
M_10,64.56,16.72,1
M_25,103.7,10.74,0
M_44,89.55,13.11,0
M_44,109.78,21.56,1
M_40,72.78,5.1,0
M_17,87.22,21.02,0
M_45,110.28,5.86,0
M_3,65.82,23.74,0
M_23,69.75,12.0,1
M_5,70.94,8.22,0
M_17,87.03,23.83,1
M_35,112.51,16.31,1
M_6,80.61,20.4,0
M_40,113.68,5.69,0
M_8,54.5,23.99,0
M_17,108.81,8.22,1
M_29,59.5,14.97,1
M_50,53.49,20.76,1
M_49,73.99,20.28,1
M_44,74.59,16.35,1
M_5,53.77,19.24,1
M_43,90.94,1.1,0
M_30,62.51,3.73,0
M_36,86.88,5.54,0
M_31,65.48,4.82,0
M_24,85.47,9.24,0
M_35,72.37,20.85,0
M_36,50.3,3.93,0
M_33,75.51,3.32,0
M_3,94.35,3.71,1
M_3,93.08,8.63,0
M_19,115.46,7.85,1
M_1,98.02,5.58,0
M_33,63.66,5.03,0
M_37,117.76,9.79,0
M_49,91.49,11.19,0
M_27,88.53,22.23,1
M_36,97.6,23.84,1
M_37,67.86,13.24,0
M_37,51.38,18.33,1
M_47,63.47,12.13,0
M_19,89.4,7.76,0
M_42,97.28,1.59,0
M_10,56.55,21.42,1
M_46,61.85,11.58,1
M_37,77.89,10.17,0
M_45,89.97,14.33,1
M_10,118.4,21.33,0
M_38,114.19,16.19,1
M_1,62.29,14.04,1
M_4,101.7,7.88,0
M_16,102.64,22.02,0
M_22,83.39,2.53,1
M_7,62.54,10.2,1
M_37,90.3,4.88,1
M_14,115.97,14.25,0
M_43,52.95,6.96,1
M_47,71.93,23.07,0
M_25,112.07,16.22,1
M_48,104.6,21.67,1
M_20,86.7,3.04,0
M_35,61.27,12.04,0
M_7,61.23,15.46,0
M_7,80.47,23.86,0
M_5,79.31,18.48,1
M_30,93.18,13.55,1
M_48,106.92,3.97,1
M_38,70.0,2.41,0
M_40,114.13,1.67,0
M_27,71.52,7.64,1
M_23,51.26,3.59,0
M_4,110.34,19.53,0
M_39,59.12,22.73,1
M_15,115.57,22.2,1
M_44,66.32,12.44,1
M_8,85.24,4.2,0
M_29,68.02,10.45,1
M_42,99.09,18.11,0
M_43,89.02,11.94,0
M_33,53.52,14.85,0
M_14,55.54,5.3,0
M_34,53.25,14.64,0
M_7,115.14,12.21,1
M_3,107.31,13.16,1
M_14,102.92,13.72,1
M_13,66.52,18.86,1
M_32,100.89,22.33,1
M_40,108.59,9.82,1
M_29,69.5,17.59,0
M_6,59.65,3.7,1
M_33,87.77,14.75,1
M_21,57.17,18.67,1
M_40,90.45,21.09,1
M_6,87.75,1.34,0
M_6,58.66,19.87,0
M_28,88.4,12.3,1
M_37,84.52,11.89,1
M_5,94.71,18.69,1
M_46,107.32,10.29,0
M_18,80.76,16.11,0
M_4,60.24,9.24,1
M_38,108.64,18.64,1
M_48,98.94,5.24,1
M_48,86.07,13.28,0
M_11,70.54,7.14,1
M_30,68.35,3.51,1
M_25,102.36,3.74,0
M_10,108.66,9.93,1
M_21,110.3,15.35,0
M_2,57.16,12.73,0
M_13,60.64,3.84,1
M_50,102.34,7.29,1
M_27,86.89,21.25,1
M_35,102.66,3.08,1
M_28,73.26,18.85,0
M_8,97.31,17.99,0
M_27,84.08,14.1,1
M_13,73.5,18.61,0
M_13,64.0,23.61,0
M_26,62.9,19.75,1
M_1,106.98,19.41,0
M_26,68.36,15.38,1
M_48,76.02,19.73,1
M_9,102.11,15.4,1
M_49,98.91,19.2,1
M_36,63.05,19.54,1
M_38,55.19,6.41,1
M_24,111.73,19.35,1
M_18,74.0,17.46,0
M_9,115.29,5.42,1
M_40,89.08,18.71,1
M_12,58.15,11.11,0
M_17,81.58,8.66,1
M_40,94.57,2.26,1
M_11,67.3,16.25,1
M_46,111.73,8.12,1
M_48,73.15,23.76,1
M_24,97.19,6.73,0
M_31,110.78,9.7,0
M_26,100.3,17.63,1
M_47,111.62,16.53,0
M_36,90.63,8.74,0
M_22,115.47,13.41,0
M_50,61.79,18.33,0
M_8,81.0,19.43,0
M_43,50.02,19.55,1
M_13,53.07,10.76,1
M_33,93.99,17.6,0
M_42,115.15,20.68,0
M_26,75.49,2.97,1
M_17,68.04,23.36,0
M_30,103.66,3.01,0
M_30,77.09,5.55,0
M_26,54.85,12.02,0
M_25,70.32,8.55,1
M_21,85.86,17.76,0
M_18,50.56,21.33,0
M_50,58.09,9.61,0
M_18,71.99,8.18,0
M_50,103.03,16.31,1
M_19,89.57,5.38,1
M_23,51.24,21.15,1
M_25,77.27,2.17,0
M_10,77.84,3.35,0
M_29,115.16,5.09,1
M_4,95.99,19.09,1
M_5,81.29,21.2,0
M_44,115.96,8.21,0
M_37,88.11,2.98,1
M_38,108.65,18.95,0
M_49,72.93,9.24,0
M_41,111.32,14.46,1
M_10,107.94,4.74,0
M_4,114.04,22.26,0
M_30,93.7,19.0,1
M_18,90.75,17.61,1
M_45,71.37,22.42,1
M_11,90.7,2.43,1
M_23,57.22,23.56,0
M_49,92.84,5.93,0
M_21,79.57,13.77,1
M_41,88.0,13.1,1
M_44,70.04,4.7,0
M_15,119.85,8.68,1
M_17,97.81,10.8,1
M_38,55.7,8.3,1
M_14,115.94,13.97,0
M_23,67.76,3.36,0
M_45,62.58,20.42,0
M_25,53.63,7.51,1
M_19,60.78,15.82,1
M_17,80.34,22.97,0
M_24,88.21,10.46,1
M_26,119.01,7.17,0
M_16,54.09,1.52,1
M_40,70.79,21.58,1
M_5,111.28,5.34,0
M_34,78.65,10.11,1
M_14,116.44,17.72,0
M_11,117.91,6.76,1
M_7,86.63,7.79,1
M_12,88.51,19.09,1
M_47,67.96,6.44,0
M_18,79.2,23.28,0
M_42,60.11,10.79,1
M_6,93.78,21.57,1
M_31,72.51,7.0,1
M_18,88.86,5.73,1
M_10,113.02,5.2,1
M_36,119.63,21.52,0
M_7,66.43,9.18,1
M_27,104.54,14.19,0
M_14,60.7,14.12,1
M_13,93.85,9.87,1
M_50,74.13,18.9,0
M_25,108.44,1.15,1
M_47,72.22,15.68,0
M_3,73.61,1.64,0
M_9,70.18,21.24,0
M_8,53.03,19.04,1
M_32,54.28,4.25,1
M_18,64.52,5.57,1
M_47,71.77,21.27,1
M_49,112.86,15.76,1
M_11,69.73,7.48,1
M_9,89.45,4.15,0
M_18,63.54,13.7,1
M_7,67.32,23.0,1
M_39,50.59,21.49,1
M_24,117.73,14.31,0
M_46,79.32,1.52,0
M_36,62.33,22.07,1
M_6,71.02,22.85,1
M_13,92.07,23.66,1
M_43,51.25,7.98,0
M_35,106.58,8.83,1
M_1,66.77,10.12,0
M_44,77.93,13.19,0
M_40,85.45,21.46,1
M_23,84.25,14.21,1
M_6,102.73,1.62,0
M_3,116.85,2.13,0
M_22,98.32,7.25,1
M_4,80.98,16.15,0
M_33,79.97,18.61,1
M_7,63.24,22.17,1
M_49,94.86,21.78,1
M_47,61.22,8.56,0
M_8,71.08,9.93,0
M_29,80.71,3.64,0
M_31,65.31,23.25,1
M_4,109.88,13.15,1
M_42,118.81,10.81,0
M_7,106.15,15.79,1
M_12,77.57,17.08,1
M_37,96.31,10.43,0
M_3,107.64,19.12,1
M_4,97.52,6.76,0
M_34,109.72,14.1,1
M_39,59.64,5.4,0
M_38,72.01,12.13,0
M_16,112.29,5.75,0
M_18,62.62,12.56,0
M_6,119.95,16.85,1
M_19,87.37,20.26,0
M_2,73.76,22.27,1
M_28,119.9,14.43,1
M_33,84.48,13.56,1
M_46,103.59,13.65,1
M_15,91.59,6.62,0
M_21,104.15,8.23,0
M_24,63.06,20.65,1
M_33,75.36,16.14,0
M_6,103.38,19.12,0
M_50,88.31,1.05,1
M_24,84.04,9.22,1
M_37,61.1,17.46,1
M_13,58.11,4.89,0
M_6,92.51,16.92,1
M_44,89.12,2.05,0
M_20,65.0,17.38,1
M_16,91.83,12.74,0
M_17,119.27,15.54,1
M_46,60.79,9.45,1
M_44,50.59,12.65,0
M_39,83.01,15.75,0
M_41,93.52,16.88,1
M_29,99.87,16.53,1
M_1,72.96,16.38,1
M_13,106.92,17.62,1
M_1,101.87,15.85,1
M_8,93.43,16.28,1
M_23,119.0,14.44,0
M_41,115.07,22.88,0
M_10,68.18,17.62,0
M_14,85.64,7.92,0
M_15,52.84,22.79,1
M_32,80.89,8.55,0
M_36,100.73,11.4,0
M_30,91.25,1.78,1
M_11,104.44,1.59,1
M_40,118.46,3.5,0
M_35,58.94,1.37,0
M_22,77.87,5.75,0
M_50,110.49,21.32,0
M_47,107.14,12.2,1
M_18,82.6,2.18,1
M_5,65.43,16.26,0
M_1,98.84,3.3,0
M_46,66.82,18.1,1
M_15,93.36,18.43,1
M_16,67.39,1.52,0
M_37,72.43,5.69,0
M_26,115.63,10.45,0
M_12,94.74,11.05,1
M_2,93.45,14.24,1
M_38,62.74,18.89,0
M_10,99.54,21.44,1
M_44,81.29,13.07,0
M_10,58.29,2.19,1
M_36,102.13,23.72,1
M_11,92.24,19.28,0
M_34,51.86,15.12,1
M_35,76.88,3.73,1
M_22,109.15,10.0,1
M_13,86.9,4.46,0
M_17,100.75,16.52,0
M_2,88.99,5.44,1
M_44,99.39,15.89,0
M_23,61.25,16.55,1
M_35,68.17,15.62,0
M_33,68.7,23.0,0
M_46,96.96,3.68,0
M_24,65.58,17.19,1
M_27,79.15,2.5,0
M_3,52.12,14.42,1
M_17,51.84,4.92,1
M_30,58.36,15.22,1
M_12,65.67,14.62,0
M_34,60.7,13.37,1
M_19,73.54,23.68,1
M_48,108.25,21.39,1
M_39,101.92,2.82,1
M_48,94.72,1.2,0
M_10,64.21,19.16,1
M_17,61.93,18.84,1
M_11,55.65,1.4,1
M_40,83.75,21.39,0
M_26,57.53,10.56,1
M_42,72.95,17.15,0
M_49,57.32,1.76,1
M_16,117.75,4.66,1
M_7,90.57,13.04,0
M_50,70.11,16.52,1
M_23,98.8,19.34,1
M_27,74.24,19.26,1
M_17,61.02,17.0,1
M_20,53.27,9.38,1
M_11,63.43,13.88,1
M_17,99.85,11.76,1
M_28,89.12,4.73,1
M_20,64.63,21.32,1
M_20,81.61,15.98,0
M_17,91.51,23.25,0
M_38,97.61,22.9,1
M_1,94.3,8.84,0
M_49,53.7,13.54,1
M_2,106.35,20.35,1
M_1,58.22,16.96,0
M_17,60.4,2.43,1
M_16,51.2,4.24,1
M_17,98.51,4.06,0
M_36,65.28,13.92,0
M_39,105.68,12.38,0
M_18,110.35,15.61,0
M_26,68.5,7.94,1
M_47,80.16,1.74,0
M_28,70.95,23.9,1
M_38,111.54,7.53,1
M_45,63.8,16.87,0
M_40,89.55,4.23,0
M_45,110.23,9.68,1
M_32,102.13,8.09,1
M_1,71.47,19.86,0
M_45,73.03,14.1,1
M_42,73.4,10.32,0
M_26,62.52,8.91,1
M_13,107.28,14.12,0
M_2,109.8,16.79,0
M_19,54.7,22.45,1
M_20,84.41,16.88,0
M_3,111.51,5.71,1
M_45,79.96,8.75,1
M_12,97.63,15.34,1
M_39,77.88,23.45,0
M_33,118.02,13.6,1
M_29,83.01,21.44,0
M_22,75.21,4.85,0
M_10,63.66,3.42,1
M_16,101.66,23.99,1
M_45,100.77,20.51,1
M_45,90.09,13.24,0
M_19,79.43,10.97,1
M_33,71.19,6.73,1
M_29,117.98,20.73,1
M_8,118.26,7.32,0
M_5,63.7,3.32,0
M_14,95.75,11.74,0
M_30,80.01,16.48,0
M_46,110.9,1.77,1
M_35,96.0,1.92,1
M_26,90.14,3.81,1
M_47,67.98,9.42,1
M_16,97.41,10.19,1
M_20,75.12,15.94,0
M_45,110.73,12.4,1
M_31,52.3,13.83,0
M_35,59.61,8.91,1
M_33,83.64,12.29,0
M_36,82.92,14.63,1
M_39,118.94,8.18,0
M_14,108.13,23.87,0
M_33,108.85,9.14,1
M_27,66.94,18.5,1
M_9,93.38,2.63,0
M_4,108.55,6.14,0
M_23,97.5,7.5,0
M_7,59.43,7.02,1
M_30,55.42,22.15,0
M_18,61.19,7.02,0
M_36,109.76,20.97,0
M_38,98.65,21.53,0
M_46,117.72,11.46,0
M_34,62.89,12.18,1
M_45,115.95,14.1,1
M_22,119.82,2.37,1
M_20,72.12,8.25,1
M_30,56.75,13.82,0
M_38,58.11,20.37,1
M_31,78.49,3.27,0
M_12,57.24,12.71,0
M_21,117.98,8.12,0
M_32,59.62,16.91,1
M_17,54.07,19.92,0
M_24,104.51,1.85,0
M_33,113.07,13.07,0
M_40,87.19,8.87,0
M_38,64.1,14.04,1
M_33,56.92,23.69,1
M_28,95.54,11.77,1
M_41,54.51,8.41,1
M_35,96.44,22.18,1
M_4,58.62,9.62,0
M_46,64.65,5.93,0
M_27,65.81,11.13,1
M_2,80.34,12.86,1
M_27,91.03,12.07,1
M_20,98.21,7.02,1
M_38,92.82,2.18,0
M_3,113.23,3.53,1
M_12,52.9,6.54,0
M_42,66.5,17.81,1
M_19,92.11,16.35,1
M_13,112.99,12.4,1
M_40,77.13,8.88,0
M_24,64.82,2.37,1
M_29,115.39,8.65,0
M_29,66.57,17.16,1
M_11,110.28,9.41,0
M_18,88.05,9.45,0
M_4,100.94,10.22,1
M_4,60.57,11.12,1
M_1,59.5,11.23,0
M_11,112.21,3.61,0
M_20,81.91,15.41,0
M_27,86.58,20.82,1
M_15,71.23,8.13,1
M_38,97.62,8.68,0
M_40,70.14,5.63,0
M_45,97.65,20.0,0
M_29,66.77,18.36,1
M_45,94.25,11.86,1
M_12,68.95,5.21,0
M_22,92.53,12.97,0
M_7,93.86,3.54,1
M_28,83.87,4.81,1
M_39,69.32,15.3,0
M_15,118.69,6.28,1
M_12,86.07,14.81,0
M_14,102.55,19.13,0
M_34,56.17,22.42,1
M_47,90.35,12.93,1
M_32,66.17,13.94,1
M_18,61.55,16.32,0
M_15,101.55,8.45,1
M_49,76.57,13.9,0
M_17,118.08,17.57,0
M_23,119.31,6.82,0
M_2,63.46,21.68,0
M_18,58.08,20.62,0
M_10,114.14,22.47,0
M_49,67.36,2.7,0
M_31,88.9,9.28,1
M_10,84.81,23.95,0
M_22,95.54,9.81,1
M_37,101.38,5.59,1
M_49,81.02,11.89,1
M_45,60.58,17.61,0
M_3,86.88,20.27,1
M_15,83.26,7.69,1
M_12,98.85,20.46,1
M_18,78.35,6.76,1
M_20,97.95,9.11,1
M_15,67.08,7.55,0
M_37,60.19,22.19,0
M_20,83.32,12.06,0
M_5,50.11,7.64,1
M_37,108.75,17.73,1
M_15,92.31,4.36,0
M_46,88.38,16.63,1
M_17,91.82,10.09,0
M_38,105.74,18.95,0
M_13,79.53,19.79,1
M_29,51.66,1.62,0
M_24,56.0,19.65,1
M_42,116.99,16.11,1
M_1,107.62,22.06,1
M_16,70.42,7.92,1
M_25,60.26,9.03,0
M_31,119.49,23.96,1
M_49,116.11,2.33,1
M_50,82.61,18.29,0
M_4,79.9,6.97,1
M_9,82.6,16.95,0
M_24,80.95,17.6,1
M_6,80.58,3.26,1
M_14,55.25,2.38,1
M_27,109.33,15.32,0
M_8,97.23,17.08,1
M_8,72.88,21.52,1
M_28,99.75,14.35,0
M_8,106.42,11.65,1
M_31,85.43,18.33,1
M_15,80.28,20.15,0
M_10,71.62,10.3,1
M_8,85.75,5.19,1
M_1,81.98,1.91,0
M_10,61.39,11.39,1
M_50,94.75,15.37,1
M_5,68.97,21.94,1
M_23,91.05,7.35,1
M_21,57.39,21.76,0
M_31,52.05,5.99,1
M_3,86.29,8.89,1
M_32,79.99,9.6,1
M_36,66.18,13.81,0
M_29,101.07,9.64,1
M_16,77.28,10.48,0
M_33,94.6,8.8,0
M_36,75.45,10.25,0
M_21,66.34,11.26,0
M_45,82.84,6.04,1
M_48,84.0,23.86,1
M_1,86.36,18.39,0
M_12,59.81,4.26,0
M_24,53.34,3.55,0
M_10,84.5,4.7,1
M_19,68.82,14.27,1
M_11,114.62,17.12,1
M_15,55.83,18.69,1
M_49,62.16,10.2,0
M_39,101.42,14.58,0
M_18,51.32,7.54,1
M_30,89.99,4.11,1
M_13,77.21,11.59,0
M_17,112.46,13.56,0
M_21,56.87,10.73,0
M_4,50.29,5.32,1
M_32,114.15,17.69,0
M_34,60.1,3.39,0
M_42,115.23,21.23,1
M_24,50.62,16.86,1
M_34,54.77,23.79,0
M_5,94.33,10.17,1
M_44,98.13,8.91,1
M_47,53.32,12.27,0
M_12,92.98,15.82,0
M_36,102.22,11.54,0
M_32,97.59,8.98,1
M_32,104.15,7.65,0
M_43,107.98,20.53,1
M_40,91.77,15.35,0
M_12,114.94,18.14,1
M_28,93.75,8.9,1
M_27,95.91,13.75,0
M_24,70.03,1.04,0
M_1,73.85,3.07,0
M_41,64.94,6.52,1
M_47,100.83,19.03,0
M_7,118.33,3.23,1
M_40,85.59,18.82,1
M_5,81.43,22.44,1
M_22,113.4,12.24,1
M_33,93.34,2.26,0
M_34,87.07,15.49,1
M_47,114.0,16.98,0
M_4,114.6,13.76,0
M_47,90.99,11.16,0
M_31,50.05,19.22,0
M_21,109.69,10.02,0
M_15,95.49,14.52,0
M_31,77.61,18.02,0
M_7,79.31,5.28,0
M_6,75.88,3.73,0
M_15,58.83,11.56,0
M_18,111.52,5.96,0
M_20,72.35,1.66,0
M_4,106.91,10.21,0
M_48,67.54,7.19,1
M_36,65.36,13.5,0
M_35,70.01,3.89,0
M_11,92.39,1.44,1
M_46,80.31,19.26,0
M_44,83.47,23.13,0
M_20,79.39,10.35,0
M_45,113.59,11.13,1
M_25,111.54,19.33,1
M_19,56.82,2.73,1
M_4,68.32,1.11,1
M_9,62.1,3.96,1
M_45,105.61,10.35,0
M_39,98.99,8.3,0
M_5,100.32,3.09,1
M_36,110.82,8.42,1
M_9,78.67,16.77,1
M_35,53.37,10.55,0
M_21,95.12,11.11,1
M_13,86.26,18.06,0
M_22,69.79,3.1,0
M_6,113.79,3.76,1
M_46,95.0,16.29,1
M_25,98.36,16.27,1
M_36,96.67,6.26,1
M_11,67.12,8.34,0
M_49,112.95,23.72,0
M_45,73.15,20.13,0
M_23,56.17,8.42,0
M_1,109.96,8.61,1
M_29,97.25,8.44,1
M_29,84.33,13.17,0
M_43,55.0,10.69,1
M_47,85.33,7.47,1
M_35,82.88,7.49,0
M_4,83.84,7.93,1
M_49,119.73,16.79,0
M_10,110.08,6.29,0
M_25,64.85,6.02,0
M_43,84.01,13.25,1
M_28,115.69,1.18,0
M_40,62.52,8.51,0
M_30,62.66,7.86,0
M_29,104.03,5.76,0
M_18,91.97,19.39,0
M_22,89.47,13.39,1
M_2,56.36,10.02,1
M_27,74.86,17.2,0
M_21,61.18,16.76,0
M_15,98.06,10.7,0
M_49,60.18,14.8,0
M_45,68.98,20.78,0
M_39,98.51,14.13,1
M_1,71.13,5.48,0
M_11,106.25,10.49,1
M_36,80.37,16.72,0
M_29,105.24,10.24,0
M_18,62.62,19.89,1
M_10,64.3,3.73,0
M_10,51.6,3.19,1
M_38,80.48,22.23,1
M_50,93.86,14.49,0
M_50,101.73,5.66,0
M_37,117.7,17.2,1
M_35,69.88,10.33,1
M_3,119.93,9.31,1
M_3,81.77,18.53,1
M_6,75.89,12.22,1
M_38,69.45,16.84,1
M_41,60.84,2.44,1
M_5,87.9,17.06,1
M_42,97.16,2.99,0
M_2,79.01,7.33,0
M_19,53.58,10.85,0
M_1,50.4,17.61,1
M_31,92.64,13.19,1
M_48,76.25,1.56,1
M_16,119.09,8.15,1
M_20,71.94,7.09,1
M_46,116.75,9.34,0
M_23,111.54,2.04,1
M_20,83.7,21.81,1
M_17,53.53,5.86,0
M_26,64.81,14.92,0
M_35,111.96,15.04,0
M_49,100.75,10.47,1
M_8,103.45,5.38,1
M_36,108.94,14.04,1
M_49,61.83,21.9,0
M_24,59.56,10.59,0
M_21,119.71,17.1,1
M_1,100.1,16.89,0
M_29,82.08,20.25,0
M_47,97.73,5.27,0
M_50,119.0,11.2,0
M_30,74.67,5.57,1
M_32,61.76,11.81,0
M_46,88.18,7.59,0
M_29,50.16,5.69,1
M_39,97.08,13.19,1
M_4,91.19,7.39,0
M_1,94.72,22.16,1
M_30,119.99,11.85,0
M_40,83.53,20.18,0
M_10,110.47,19.32,0
M_33,79.69,14.63,0
M_1,98.09,4.93,1
M_7,66.62,11.88,0
M_19,87.85,3.3,0
M_31,71.47,20.36,1
M_29,82.95,15.11,1
M_50,82.02,10.29,0
M_33,81.93,21.39,1
M_12,105.92,4.38,0
M_12,65.95,5.64,1
M_13,84.76,19.84,0
M_32,83.2,20.15,0
M_36,73.53,11.51,1
M_18,68.16,12.63,1
M_6,92.38,21.11,1
M_42,82.17,15.21,0
M_36,62.96,5.07,1
M_8,82.34,11.98,0
M_9,92.42,15.14,1
M_35,114.0,21.35,0
M_4,57.84,18.92,0
M_28,75.62,4.32,0
M_27,83.0,22.28,0
M_8,56.66,16.21,0
M_22,93.03,7.79,1
M_12,66.31,17.26,1
M_22,106.43,14.63,0
M_35,101.05,8.09,1
M_4,88.24,15.01,1
M_28,109.61,1.97,0
M_27,99.02,14.52,1
M_11,67.32,6.38,0
M_28,87.19,7.66,1
M_31,106.83,11.98,0
M_46,98.05,15.67,1
M_4,67.34,8.71,0
M_48,54.63,6.07,0
M_45,76.5,22.88,0
M_11,69.47,5.94,0
M_20,67.77,21.23,1
M_24,115.19,6.3,0
M_40,96.09,7.3,1
M_27,111.25,20.72,1
M_2,104.61,16.92,0
M_43,59.33,3.99,1
M_49,75.47,23.74,0
M_12,72.03,9.06,1
M_42,111.46,11.76,1
M_18,75.45,3.52,1
M_5,80.86,15.66,1
M_10,51.73,4.94,0
M_32,60.8,23.15,1
M_17,60.65,7.18,1
M_25,98.58,16.03,1
M_15,110.86,1.79,0
M_21,88.81,18.13,0
M_38,65.92,20.98,0
M_11,113.77,3.71,0
M_24,116.22,4.37,0
M_38,87.43,6.86,0
M_45,88.33,11.57,1
M_44,81.15,5.93,0
M_19,90.59,7.76,0
M_21,81.65,2.18,1
M_2,75.35,15.86,0
M_3,101.97,13.78,0
M_39,54.74,21.3,0
M_28,101.37,6.41,1
M_50,85.93,21.0,1
M_39,65.69,21.95,0
M_2,52.45,22.06,0
M_23,56.69,20.8,0
M_43,73.87,22.49,1
M_21,81.33,23.89,1
M_18,77.53,21.56,1
M_18,75.36,9.87,0
M_23,70.75,21.15,0
M_21,106.81,16.72,0
M_4,109.65,18.85,0
M_39,63.58,17.7,1
M_19,79.98,12.31,0
M_24,105.02,11.9,1
M_6,72.09,22.08,0
M_23,89.23,10.69,1
M_49,85.47,4.35,0
M_30,89.29,20.04,1
M_49,85.6,12.53,0
M_42,82.15,4.61,0
M_22,97.11,19.6,1
M_17,91.78,18.06,1
M_46,73.25,1.32,1
M_48,111.06,12.99,0
M_16,109.14,18.02,0
M_18,60.01,8.08,0
M_34,106.05,22.64,0
M_31,83.54,8.91,0
M_20,59.81,4.92,1
M_2,60.32,15.55,1
M_33,106.97,4.17,1
M_26,87.95,23.05,1
M_40,54.17,15.87,0
M_27,62.55,2.99,0
M_42,68.83,12.25,1
M_11,67.36,5.82,0
M_11,99.76,19.16,1
M_17,83.61,6.8,1
M_22,117.56,5.36,1
M_26,99.01,3.97,1
M_46,99.01,14.48,1
M_37,119.82,23.37,0
M_35,79.17,5.43,1
M_27,57.68,10.77,0
M_25,58.56,9.74,0
M_15,70.12,19.86,1
M_26,107.93,20.67,0
M_46,67.95,2.47,0
M_35,73.51,13.79,1
M_41,70.98,18.02,1
M_15,82.53,12.34,1
M_37,92.38,2.52,0
M_48,114.35,17.57,0
M_6,70.25,2.04,0
M_8,70.0,4.98,1
M_40,100.02,23.32,1
M_16,72.91,1.06,0
M_36,57.35,16.62,0
M_3,99.33,18.88,1
M_15,119.43,20.39,1
M_44,68.88,16.57,1
M_25,59.82,11.67,1
M_48,83.72,21.41,1
M_38,73.49,19.36,1
M_5,66.3,12.51,1
M_28,82.92,4.04,1
M_50,50.15,23.95,1
M_39,94.67,19.31,1
M_5,52.54,11.14,1
M_45,59.18,19.09,1
M_2,114.88,12.77,1
M_42,82.58,13.42,1
M_46,95.24,14.8,1
M_37,71.17,18.18,0
M_9,91.32,6.21,1
M_44,52.22,8.69,1
M_40,95.67,3.19,1
M_43,69.01,23.18,1
M_17,117.54,5.86,1
M_44,105.37,9.6,1
M_31,93.88,7.89,0
M_23,99.85,18.56,1
M_5,66.19,8.25,1
M_5,76.86,18.63,0
M_16,105.35,7.88,1
M_9,107.38,12.74,0
M_33,53.72,8.63,0
M_39,77.8,18.69,1
M_44,57.47,21.44,0
M_19,111.97,16.89,0
M_30,88.28,1.69,0
M_29,59.34,5.09,1
M_7,95.83,17.23,1
M_43,113.84,6.89,0
M_12,95.58,7.17,0
M_24,97.85,3.81,0
M_31,71.44,12.27,1
M_45,92.21,17.49,0
M_29,111.83,23.11,0
M_14,76.2,9.43,0
M_47,54.51,18.98,1
M_35,94.44,11.37,1
M_29,105.92,18.83,0
M_45,82.14,21.53,1
M_48,65.36,11.15,0
M_40,95.74,8.76,1
M_8,71.92,18.19,0
M_5,100.9,10.76,0
M_16,74.4,17.2,1
M_32,67.79,9.27,1
M_23,90.11,4.36,1
M_38,108.91,2.87,0
M_10,114.68,2.36,0
M_39,55.88,18.35,1
M_18,101.52,5.93,0
M_33,105.61,1.49,1
M_6,99.12,8.89,0
M_50,54.98,5.68,1
M_45,111.35,20.84,0
M_9,95.53,11.8,1
M_19,83.55,17.47,1
M_31,66.04,10.62,1
M_26,97.43,2.35,0
M_45,89.03,17.76,0
M_13,91.89,6.78,0
M_26,59.48,21.23,1
M_10,94.12,10.91,0
M_37,98.68,22.5,1
M_36,92.31,4.98,1
M_3,103.23,1.38,0
M_16,85.32,14.05,1
M_32,66.07,19.51,0
M_26,86.81,17.86,1
M_36,106.92,6.12,1
M_38,94.9,17.83,0
M_6,117.38,8.98,0
M_5,66.49,8.24,0
M_36,99.41,18.75,0
M_25,53.26,4.35,1
M_15,109.36,6.1,0
M_22,97.19,7.27,1
M_15,98.39,6.09,1
M_44,80.49,11.55,1
M_27,56.18,15.64,0
M_18,77.17,14.53,0
M_11,101.74,16.5,0
M_17,102.24,12.48,0
M_6,115.74,3.15,1
M_20,68.49,15.74,1
M_13,84.51,9.44,1
M_49,103.37,16.09,0
M_30,117.55,14.14,0
M_24,57.54,18.76,0
M_8,110.63,15.1,1
M_16,52.99,8.89,0
M_33,93.83,9.47,1
M_48,119.54,7.12,0
M_17,74.01,23.19,0
M_33,97.85,2.82,0
M_28,99.46,18.2,1
M_8,119.89,6.76,1
M_11,64.64,15.0,0
M_49,87.02,10.55,0
M_31,115.45,16.53,0
M_2,113.11,2.69,0
M_37,97.01,16.9,1
M_1,107.6,8.96,1
M_8,88.7,2.81,1
M_9,119.47,8.84,1
M_35,57.74,4.93,1
M_37,110.01,7.04,0
M_18,70.92,15.89,0
M_25,100.89,13.08,1
M_42,114.01,17.62,0
M_23,107.36,7.16,1
M_49,77.11,3.04,1
M_35,117.28,6.91,1
M_44,90.42,13.58,0
M_16,79.94,23.92,0
M_42,53.11,23.67,0
M_48,83.99,14.89,1
M_34,56.3,22.42,1
M_39,94.82,19.37,0
M_25,106.83,11.63,1
M_43,88.34,12.65,0
M_3,88.56,18.37,0
M_42,58.76,9.67,0
M_23,62.98,6.93,1
M_30,100.68,5.19,1
M_18,91.77,14.85,0
M_6,66.74,1.78,1
M_33,113.52,7.4,0
M_44,63.77,23.77,0
M_24,113.98,19.83,0
M_27,113.8,9.57,0
M_23,65.76,16.13,1
M_46,51.93,13.3,1
M_18,109.91,22.11,0
M_44,100.49,12.4,1
M_19,117.52,3.84,0
M_40,94.1,12.04,1
M_31,89.06,13.91,0
M_32,85.78,19.96,0
M_17,75.48,18.44,1
M_15,91.09,3.05,0
M_15,94.26,18.82,0
M_48,74.17,7.87,1
M_17,111.24,10.13,0
M_27,78.01,20.97,0
M_44,70.83,4.02,1
M_35,97.5,7.39,1
M_36,66.1,8.89,0
M_50,88.16,18.67,0
M_18,53.74,19.16,0
M_34,81.15,5.38,0
M_38,91.92,10.14,1
M_10,59.77,7.3,0
M_13,66.54,4.93,0
M_38,102.23,11.16,0
M_24,55.45,17.37,0
M_15,79.38,15.25,0
M_48,91.8,14.8,1
M_19,117.12,11.54,1
M_49,89.04,21.89,0
M_24,89.08,4.5,0
M_50,65.23,23.19,0
M_9,107.52,16.27,0
M_28,93.47,4.39,0
M_47,86.66,7.12,1
M_8,54.91,3.51,0
M_39,116.01,20.0,1
M_14,61.15,14.21,0
M_43,82.24,16.89,1
M_1,100.99,4.02,0
M_15,111.45,13.68,1
M_3,108.35,3.65,1
M_14,90.6,18.19,0
M_2,63.43,6.53,0
M_27,69.12,14.58,1
M_31,104.33,20.98,1
M_26,53.1,19.68,0
M_7,85.21,19.61,0
M_22,85.0,23.5,1
M_21,80.83,14.86,1
M_7,76.53,10.51,1
M_23,63.85,1.15,0
M_12,101.82,12.66,0
M_36,85.33,20.71,1
M_42,108.79,5.36,1
M_40,99.46,22.39,0
M_1,104.19,3.53,1
M_50,103.19,3.53,1
M_14,72.36,15.99,0
M_6,73.21,20.68,1
M_35,90.66,5.87,1
M_44,103.52,3.94,1
M_36,92.15,23.98,1
M_36,56.06,7.27,1
M_46,95.63,20.65,1
M_12,85.23,15.99,1
M_50,115.9,22.89,0
M_16,109.39,3.04,1
M_27,94.74,11.99,0
M_43,99.72,6.75,1
M_9,83.52,17.94,1
M_37,114.35,15.73,0
M_20,115.35,5.52,0
M_50,103.66,11.31,1
M_23,97.63,5.25,1
M_11,112.06,1.5,1
M_13,61.9,18.78,1
M_50,97.85,12.6,1
M_12,84.04,15.55,0
M_32,59.68,12.31,0
M_43,102.68,5.0,0
M_18,73.74,6.66,0
M_23,117.18,5.42,1
M_26,64.31,9.35,1
M_44,116.23,7.94,0
M_35,108.12,13.69,1
M_25,81.26,13.78,1
M_6,100.09,17.0,0
M_6,71.13,17.97,0
M_40,53.79,11.31,1
M_25,75.22,13.59,1
M_41,106.46,5.98,0
M_46,75.83,2.27,1
M_24,82.9,2.81,0
M_47,112.83,7.9,0
M_49,93.78,7.44,1
M_30,110.29,6.72,0
M_9,55.47,20.75,1
M_32,109.31,16.84,1
M_22,94.9,16.81,1
M_45,67.8,10.82,0
M_45,100.13,13.21,0
M_6,51.63,14.48,0
M_7,52.48,17.04,0
M_7,115.78,10.12,0
M_29,99.2,4.7,1
M_5,101.12,10.08,0
M_44,116.11,8.68,1
M_26,84.12,11.09,0
M_50,106.63,11.96,0
M_8,57.41,15.31,0
M_40,114.2,17.84,0
M_1,75.63,15.06,1
M_31,109.98,3.3,0
M_34,98.56,2.39,0
M_39,98.06,12.63,0
M_21,53.02,21.47,0
M_40,70.86,5.96,0
M_3,74.51,17.11,1
M_4,54.5,19.2,1
M_19,101.62,10.44,1
M_3,112.68,4.22,1
M_27,99.78,7.34,1
M_47,69.47,15.78,1
M_15,67.95,21.69,1
M_19,66.73,19.44,0
M_50,70.96,4.54,0
M_13,54.27,10.88,0
M_26,79.25,15.2,0
M_25,115.03,17.36,1
M_17,81.73,20.19,0
M_49,56.34,10.23,0
M_22,91.64,14.78,1
M_5,108.87,9.89,0
M_8,94.9,5.64,1
M_45,83.77,10.68,1
M_14,68.62,4.99,1
M_35,85.03,18.87,0
M_15,94.22,16.81,1
M_33,55.43,11.11,1
M_23,71.66,2.52,0
M_25,59.65,2.96,0
M_29,60.78,3.31,1
M_34,93.83,2.81,1
M_11,72.05,8.43,0
M_32,119.12,16.07,1
M_27,91.61,15.63,0
M_45,94.09,16.21,1
M_21,80.45,3.53,1
M_50,110.28,3.9,0
M_47,83.04,1.95,0
M_18,94.22,7.2,0
M_15,109.49,21.63,1
M_35,87.53,14.88,1
M_37,61.2,20.22,1
M_19,100.69,4.98,1
M_3,89.96,21.98,1
M_3,89.26,18.03,0
M_37,60.07,5.9,0
M_8,66.76,2.82,0
M_49,66.47,1.58,1
M_40,72.72,22.84,1
M_32,86.99,2.68,0
M_45,61.79,15.29,1
M_18,99.81,5.03,0
M_13,84.45,3.29,0
M_25,116.09,16.26,0
M_28,67.07,1.2,1
M_45,101.7,5.3,0
M_44,83.22,19.01,0
M_16,107.26,7.41,0
M_11,51.54,21.6,1
M_21,73.57,22.49,0
M_23,104.04,15.85,0
M_40,81.83,14.51,1
M_45,98.74,8.24,1
M_26,63.64,10.32,0
M_35,118.88,2.93,0
M_43,81.74,7.45,1
M_36,109.95,1.82,0
M_19,54.74,1.37,0
M_34,97.77,15.62,1
M_32,82.33,18.86,0
M_8,60.66,5.27,1
M_21,87.66,5.41,1
M_14,79.64,9.6,0
M_22,81.98,21.52,0
M_4,94.7,11.58,0
M_35,77.29,10.25,0
M_39,89.8,18.16,1
M_28,102.29,4.48,1
M_5,91.08,11.58,1
M_35,63.04,5.58,1
M_24,69.56,8.03,1
M_11,73.26,21.27,0
M_42,105.5,2.8,1
M_19,100.7,1.47,1
M_11,107.03,10.31,0
M_23,99.36,10.47,1
M_1,70.51,8.99,1
M_40,65.73,5.75,0
M_39,84.38,6.49,0
M_35,117.05,6.61,0
M_27,71.69,4.0,0
M_34,71.81,10.8,0
M_13,51.45,16.99,0
M_10,83.57,5.3,0
M_26,78.6,13.87,0
M_34,70.86,13.29,0
M_42,62.35,20.27,1
M_34,60.97,23.46,0
M_18,95.56,23.32,0
M_38,99.03,2.24,0
M_25,64.33,6.46,1
M_24,86.28,9.29,1
M_15,107.7,20.81,0
M_26,72.45,7.23,1
M_21,74.89,16.89,1
M_30,87.27,10.47,1
M_12,75.82,9.4,0
M_40,105.47,2.61,0
M_11,52.89,18.71,1
M_14,119.81,3.43,0
M_36,114.43,4.46,0
M_10,102.61,11.22,0
M_23,105.36,12.14,0
M_27,96.67,16.08,0
M_27,113.44,1.39,1
M_10,86.78,12.83,0
M_47,88.48,9.42,0
M_22,59.53,6.9,0
M_16,94.0,4.2,1
M_14,65.86,18.59,1
M_21,63.82,19.68,1
M_1,84.83,15.41,0
M_47,80.09,3.32,0
M_38,52.63,16.32,1
M_9,102.85,20.3,0
M_50,80.35,12.37,0
M_33,57.24,5.22,0
M_18,81.58,21.04,0
M_22,107.09,16.56,1
M_17,112.73,1.52,0
M_33,97.98,15.14,1
M_44,91.23,8.67,0
M_37,57.92,11.15,0
M_13,61.62,20.2,1
M_39,96.36,17.02,1
M_6,79.25,21.6,0
M_30,53.09,10.18,0
M_47,95.89,4.39,0
M_17,119.76,5.31,0
M_22,62.76,3.9,1
M_10,100.44,17.24,1
M_45,83.02,3.19,1
M_34,76.91,20.79,0
M_31,72.64,3.84,1
M_27,84.89,9.05,0
M_23,117.58,13.72,0
M_44,89.0,17.07,1
M_23,78.43,17.0,0
M_36,69.57,10.68,1
M_17,50.21,9.2,1
M_47,99.2,5.95,1
M_25,79.33,21.47,0
M_43,79.4,22.67,1
M_39,51.97,11.8,1
M_44,51.12,13.6,1
M_46,118.3,10.03,1
